competition;date;nombre de match
Pes 18 sur ps3-ps4-xBox;17/06/2018;21
Pes 18 sur ps3-ps4-xBox;;
Pes 18 sur ps3-ps4-xBox;22/06/2018;6
Pes 18 sur ps3-ps4-xBox;25/06/2018;13
Pes 18 sur ps3-ps4-xBox;16/06/2018;15
Pes 18 sur ps3-ps4-xBox;14/06/2018;2
Pes 18 sur ps3-ps4-xBox;18/06/2018;9
Pes 18 sur ps3-ps4-xBox;21/06/2018;1
naruto ultimate ninja;16/06/2018;39
naruto ultimate ninja;;
naruto ultimate ninja;15/06/2018;38
naruto ultimate ninja;17/06/2018;3
naruto ultimate ninja;14/06/2018;7
FIFA sur Ps3 4 et Xbox;20/06/2018;10
FIFA sur Ps3 4 et Xbox;;
FIFA sur Ps3 4 et Xbox;18/06/2018;10
FIFA sur Ps3 4 et Xbox;16/06/2018;23
FIFA sur Ps3 4 et Xbox;14/06/2018;1
FIFA sur Ps3 4 et Xbox;17/06/2018;3
FIFA sur Ps3 4 et Xbox;15/06/2018;3
FIFA 18 sur PC;18/06/2018;13
FIFA 18 sur PC;;
FIFA 18 sur PC;20/06/2018;11
FIFA 18 sur PC;14/06/2018;4
FIFA 18 sur PC;19/06/2018;7
FIFA 18 sur PC;21/06/2018;1
FIFA 18 sur PC;16/06/2018;2
FIFA 18 sur PC;22/06/2018;2
Blur;15/06/2018;4
Blur;;
Blur;14/06/2018;2
Blur;17/06/2018;2
Blur;20/06/2018;1
kof 98;18/06/2018;1
kof 98;;
kof 98;14/06/2018;15
Pro 18 sur PS 2;25/06/2018;6
Pro 18 sur PS 2;;
Pro 18 sur PS 2;18/06/2018;1
Kof 2002 super;14/06/2018;2
Kof 2002 super;;
Kof 2002 super;25/06/2018;1
Pes 18 sur PC;18/06/2018;1
Pes 18 sur PC;;
